,vid_name,frame,x,y,w,h,gender,age,smile,anger,contempt,disgust,fear,happiness,neutral,sadness,surprise
0,sotu,1000,635,203,38,38,male,68.0,0.0,0.016,0.007,0.001,0.0,0.0,0.966,0.004,0.006
1,sotu,2000,535,122,142,142,male,67.0,0.0,0.0,0.001,0.0,0.0,0.0,0.965,0.033,0.0
2,sotu,2000,200,205,115,115,male,58.0,0.0,0.0,0.0,0.0,0.0,0.0,0.999,0.0,0.0
3,sotu,2000,835,237,107,107,female,57.0,0.251,0.0,0.013,0.0,0.0,0.251,0.731,0.005,0.0
4,sotu,4000,554,133,137,137,male,68.0,0.0,0.0,0.003,0.0,0.0,0.0,0.823,0.175,0.0
5,sotu,4000,205,218,113,113,male,58.0,0.0,0.0,0.0,0.0,0.0,0.0,0.999,0.001,0.0
6,sotu,4000,893,279,105,105,female,54.0,0.027,0.0,0.004,0.0,0.0,0.027,0.962,0.007,0.0
7,sotu,5000,1185,473,94,94,male,35.0,0.0,0.0,0.0,0.0,0.0,0.0,0.963,0.037,0.0
8,sotu,5000,471,498,93,93,female,58.0,0.0,0.074,0.025,0.001,0.0,0.0,0.852,0.047,0.0
9,sotu,5000,782,498,91,91,female,44.0,0.0,0.0,0.001,0.0,0.0,0.0,0.985,0.014,0.0
10,sotu,5000,105,513,90,90,female,56.0,0.002,0.007,0.003,0.0,0.0,0.002,0.947,0.042,0.0
11,sotu,5000,357,327,88,88,female,41.0,0.0,0.0,0.006,0.0,0.0,0.0,0.992,0.002,0.0
12,sotu,5000,695,317,82,82,female,49.0,0.0,0.001,0.0,0.0,0.0,0.0,0.994,0.004,0.0
13,sotu,5000,99,341,81,81,female,38.0,0.0,0.0,0.001,0.0,0.0,0.0,0.934,0.065,0.0
14,sotu,5000,885,92,80,80,male,44.0,0.0,0.0,0.002,0.0,0.0,0.0,0.971,0.026,0.0
15,sotu,5000,598,144,77,77,female,42.0,0.001,0.0,0.0,0.0,0.0,0.001,0.977,0.021,0.0
16,sotu,5000,201,154,77,77,female,44.0,0.01,0.003,0.258,0.003,0.0,0.01,0.688,0.038,0.0
17,sotu,5000,1050,326,75,75,female,38.0,0.511,0.0,0.001,0.0,0.0,0.511,0.481,0.008,0.0
18,sotu,5000,1213,150,66,76,male,33.0,0.0,0.001,0.056,0.0,0.0,0.0,0.667,0.276,0.0
19,sotu,7000,512,124,144,144,male,37.0,0.001,0.408,0.001,0.005,0.001,0.001,0.143,0.0,0.441
20,sotu,7000,199,219,115,115,male,61.0,0.0,0.0,0.002,0.0,0.0,0.0,0.996,0.001,0.0
21,sotu,7000,917,248,104,104,female,57.0,0.027,0.0,0.005,0.0,0.0,0.027,0.964,0.004,0.0
22,sotu,8000,540,123,132,132,male,65.0,0.0,0.002,0.001,0.0,0.0,0.0,0.837,0.159,0.0
23,sotu,8000,185,219,119,119,male,59.0,0.0,0.001,0.004,0.0,0.0,0.0,0.992,0.003,0.0
24,sotu,8000,923,254,109,109,female,56.0,0.027,0.0,0.004,0.0,0.0,0.027,0.96,0.009,0.0
25,sotu,9000,518,108,54,54,male,71.0,0.822,0.0,0.0,0.0,0.0,0.822,0.176,0.002,0.0
26,sotu,9000,1071,309,50,50,male,71.0,0.642,0.0,0.002,0.0,0.0,0.642,0.355,0.001,0.0
27,sotu,9000,770,167,45,45,male,62.0,0.984,0.0,0.0,0.0,0.0,0.984,0.015,0.0,0.0
28,sotu,10000,558,123,138,138,male,58.0,0.003,0.039,0.004,0.026,0.0,0.003,0.835,0.093,0.001
29,sotu,10000,169,220,120,120,male,60.0,0.0,0.0,0.001,0.0,0.0,0.0,0.992,0.006,0.0
30,sotu,10000,918,290,110,110,female,54.0,0.146,0.0,0.008,0.0,0.0,0.146,0.844,0.002,0.0
31,sotu,11000,583,293,133,133,male,67.0,0.215,0.0,0.004,0.0,0.0,0.215,0.778,0.002,0.0
32,sotu,11000,862,29,130,130,male,71.0,0.008,0.001,0.001,0.001,0.0,0.008,0.941,0.048,0.0
33,sotu,11000,999,321,105,105,female,40.0,1.0,0.0,0.0,0.0,0.0,1.0,0.0,0.0,0.0
34,sotu,12000,192,239,122,122,male,61.0,0.372,0.0,0.007,0.001,0.0,0.372,0.532,0.088,0.0
35,sotu,12000,546,138,120,120,male,52.0,0.0,0.0,0.0,0.0,0.0,0.0,0.992,0.008,0.0
36,sotu,12000,881,283,110,110,female,55.0,0.028,0.0,0.017,0.0,0.0,0.028,0.95,0.005,0.0
37,sotu,13000,579,117,131,131,male,35.0,0.0,0.0,0.0,0.0,0.0,0.0,0.941,0.058,0.0
38,sotu,13000,173,218,119,119,male,58.0,0.004,0.0,0.014,0.012,0.0,0.004,0.182,0.788,0.0
39,sotu,13000,880,252,112,112,female,56.0,0.178,0.0,0.075,0.0,0.0,0.178,0.745,0.002,0.0
40,sotu,14000,554,124,138,138,male,67.0,0.0,0.002,0.001,0.001,0.001,0.0,0.903,0.091,0.001
41,sotu,14000,255,219,118,118,male,58.0,0.0,0.0,0.0,0.0,0.0,0.0,0.999,0.0,0.0
42,sotu,14000,948,245,113,113,female,56.0,0.007,0.0,0.006,0.0,0.0,0.007,0.984,0.003,0.0
43,sotu,15000,223,594,61,61,male,23.0,0.058,0.012,0.006,0.005,0.0,0.058,0.909,0.001,0.008
44,sotu,15000,1135,411,49,49,male,50.0,0.001,0.0,0.003,0.0,0.0,0.001,0.994,0.002,0.0
45,sotu,15000,507,435,48,48,male,70.0,0.001,0.003,0.003,0.011,0.0,0.001,0.901,0.081,0.0
46,sotu,15000,15,102,48,48,male,58.0,0.03,0.004,0.165,0.001,0.0,0.03,0.798,0.001,0.0
47,sotu,15000,820,472,48,48,male,71.0,0.294,0.001,0.002,0.002,0.0,0.294,0.629,0.071,0.0
48,sotu,15000,360,427,47,47,male,67.0,0.0,0.007,0.0,0.0,0.0,0.0,0.992,0.0,0.0
49,sotu,15000,856,596,46,46,female,33.0,0.0,0.0,0.009,0.0,0.0,0.0,0.99,0.001,0.0
50,sotu,15000,974,454,46,46,male,71.0,0.097,0.0,0.0,0.0,0.0,0.097,0.899,0.004,0.0
51,sotu,15000,316,93,46,46,male,56.0,0.268,0.0,0.001,0.0,0.0,0.268,0.726,0.004,0.0
52,sotu,15000,429,621,46,46,male,33.0,0.005,0.016,0.002,0.009,0.081,0.005,0.786,0.027,0.074
53,sotu,15000,802,33,45,45,male,34.0,0.001,0.0,0.002,0.0,0.0,0.001,0.991,0.006,0.0
54,sotu,15000,547,621,44,44,female,42.0,0.843,0.0,0.006,0.0,0.0,0.843,0.151,0.0,0.0
55,sotu,15000,944,248,43,43,female,32.0,1.0,0.0,0.0,0.0,0.0,1.0,0.0,0.0,0.0
56,sotu,15000,1176,671,43,43,male,8.0,0.0,0.0,0.0,0.0,0.0,0.0,0.983,0.0,0.017
57,sotu,15000,627,265,43,43,female,33.0,0.006,0.002,0.0,0.005,0.0,0.006,0.966,0.014,0.006
58,sotu,15000,489,81,43,43,male,48.0,0.0,0.0,0.0,0.0,0.0,0.0,0.998,0.002,0.0
59,sotu,15000,256,427,43,43,female,30.0,0.0,0.0,0.0,0.0,0.0,0.0,0.993,0.006,0.0
60,sotu,15000,98,442,43,43,female,56.0,0.003,0.001,0.0,0.0,0.0,0.003,0.99,0.005,0.0
61,sotu,15000,703,630,42,42,female,25.0,0.0,0.0,0.001,0.0,0.0,0.0,0.991,0.0,0.008
62,sotu,15000,475,261,41,41,female,48.0,0.001,0.001,0.089,0.0,0.0,0.001,0.902,0.007,0.0
63,sotu,15000,339,275,41,41,female,45.0,0.756,0.0,0.001,0.0,0.0,0.756,0.215,0.027,0.0
64,sotu,15000,676,466,41,41,male,70.0,0.996,0.0,0.0,0.0,0.0,0.996,0.003,0.0,0.0
65,sotu,15000,218,99,41,41,male,7.0,0.0,0.0,0.001,0.0,0.0,0.0,0.995,0.001,0.002
66,sotu,15000,616,108,39,39,female,58.0,0.0,0.0,0.0,0.0,0.0,0.0,0.995,0.005,0.0
67,sotu,15000,57,277,39,39,female,28.0,0.517,0.0,0.001,0.0,0.0,0.517,0.482,0.0,0.0
68,sotu,15000,740,90,39,39,female,22.0,0.006,0.0,0.0,0.0,0.0,0.006,0.991,0.001,0.003
69,sotu,15000,913,85,37,37,female,37.0,0.195,0.0,0.01,0.0,0.0,0.195,0.788,0.006,0.0
70,sotu,16000,990,610,62,62,male,59.0,0.999,0.0,0.0,0.0,0.0,0.999,0.001,0.0,0.0
71,sotu,16000,267,652,62,62,male,32.0,0.0,0.0,0.0,0.0,0.0,0.0,0.997,0.002,0.0
72,sotu,16000,66,295,56,56,female,8.0,0.296,0.0,0.001,0.0,0.0,0.296,0.683,0.0,0.02
73,sotu,16000,1120,518,56,56,female,51.0,0.119,0.0,0.001,0.0,0.0,0.119,0.867,0.004,0.009
74,sotu,16000,1206,18,55,55,male,36.0,1.0,0.0,0.0,0.0,0.0,1.0,0.0,0.0,0.0
75,sotu,16000,885,503,54,54,female,25.0,0.407,0.0,0.095,0.0,0.0,0.407,0.491,0.006,0.0
76,sotu,16000,679,525,53,53,female,28.0,0.0,0.0,0.0,0.0,0.0,0.0,0.997,0.0,0.003
77,sotu,16000,1032,153,52,52,female,38.0,0.175,0.0,0.001,0.0,0.0,0.175,0.823,0.0,0.0
78,sotu,16000,505,326,52,52,female,39.0,0.985,0.0,0.0,0.0,0.0,0.985,0.015,0.0,0.0
79,sotu,16000,894,256,51,51,female,49.0,0.003,0.003,0.001,0.0,0.0,0.003,0.991,0.001,0.0
80,sotu,16000,114,186,50,50,female,26.0,1.0,0.0,0.0,0.0,0.0,1.0,0.0,0.0,0.0
81,sotu,16000,701,268,50,50,female,44.0,0.983,0.001,0.0,0.0,0.0,0.983,0.011,0.004,0.0
82,sotu,16000,295,82,49,49,female,26.0,0.004,0.0,0.0,0.0,0.0,0.004,0.995,0.0,0.0
83,sotu,16000,704,16,49,49,female,38.0,1.0,0.0,0.0,0.0,0.0,1.0,0.0,0.0,0.0
84,sotu,16000,248,567,48,48,female,42.0,0.971,0.001,0.0,0.0,0.002,0.971,0.014,0.012,0.0
85,sotu,16000,314,208,48,48,female,33.0,1.0,0.0,0.0,0.0,0.0,1.0,0.0,0.0,0.0
86,sotu,16000,248,428,48,48,female,37.0,0.693,0.007,0.0,0.001,0.003,0.693,0.094,0.006,0.196
87,sotu,16000,529,103,47,47,female,37.0,0.107,0.0,0.001,0.0,0.0,0.107,0.749,0.001,0.142
88,sotu,16000,848,40,47,47,female,32.0,0.999,0.0,0.0,0.0,0.0,0.999,0.0,0.001,0.0
89,sotu,16000,428,536,47,47,female,42.0,0.029,0.0,0.0,0.0,0.0,0.029,0.952,0.011,0.007
90,sotu,16000,718,165,46,46,female,33.0,0.982,0.0,0.001,0.0,0.0,0.982,0.01,0.007,0.0
91,sotu,17000,578,116,137,137,male,16.0,0.0,0.072,0.004,0.006,0.0,0.0,0.911,0.007,0.0
92,sotu,17000,248,217,117,117,male,58.0,0.0,0.0,0.001,0.0,0.0,0.0,0.99,0.009,0.0
93,sotu,17000,904,256,107,107,female,56.0,0.113,0.008,0.185,0.013,0.023,0.113,0.591,0.026,0.041
94,sotu,18000,542,137,143,143,male,59.0,0.0,0.0,0.001,0.0,0.0,0.0,0.441,0.557,0.0
95,sotu,18000,258,239,123,123,male,59.0,0.0,0.0,0.0,0.0,0.0,0.0,0.996,0.004,0.0
96,sotu,18000,946,274,117,117,female,57.0,0.006,0.0,0.113,0.0,0.0,0.006,0.874,0.006,0.0
97,sotu,19000,553,138,143,143,male,67.0,0.0,0.03,0.001,0.001,0.0,0.0,0.955,0.004,0.008
98,sotu,19000,214,233,120,120,male,61.0,0.001,0.0,0.002,0.0,0.0,0.001,0.996,0.0,0.0
99,sotu,19000,916,264,114,114,female,56.0,0.013,0.0,0.003,0.0,0.0,0.013,0.981,0.004,0.0
100,sotu,20000,540,126,155,155,male,68.0,0.001,0.001,0.007,0.001,0.004,0.001,0.864,0.019,0.103
101,sotu,20000,209,224,122,122,male,58.0,0.0,0.0,0.002,0.0,0.0,0.0,0.997,0.001,0.0
102,sotu,20000,933,254,116,116,female,56.0,0.011,0.0,0.063,0.0,0.0,0.011,0.765,0.161,0.0
103,sotu,21000,552,127,140,140,male,52.0,0.001,0.023,0.002,0.007,0.0,0.001,0.961,0.004,0.001
104,sotu,21000,169,232,126,126,male,60.0,0.0,0.001,0.005,0.0,0.0,0.0,0.976,0.018,0.0
105,sotu,21000,876,267,116,116,female,45.0,0.002,0.003,0.002,0.003,0.022,0.002,0.756,0.023,0.19
106,sotu,22000,793,329,151,151,male,43.0,0.059,0.0,0.001,0.0,0.0,0.059,0.938,0.002,0.0
107,sotu,22000,678,326,136,136,male,38.0,0.001,0.0,0.0,0.0,0.0,0.001,0.998,0.0,0.0
108,sotu,22000,1060,250,126,126,male,42.0,0.011,0.0,0.001,0.0,0.0,0.011,0.987,0.0,0.0
109,sotu,22000,294,48,126,126,male,71.0,0.001,0.002,0.0,0.0,0.001,0.001,0.953,0.001,0.043
110,sotu,22000,93,0,127,110,female,37.0,0.001,0.0,0.007,0.0,0.0,0.001,0.979,0.009,0.003
111,sotu,22000,793,119,111,111,male,55.0,0.0,0.0,0.0,0.0,0.0,0.0,1.0,0.0,0.0
112,sotu,23000,607,110,138,138,male,67.0,0.0,0.0,0.0,0.0,0.001,0.0,0.963,0.035,0.002
113,sotu,23000,874,244,122,122,female,32.0,0.001,0.001,0.001,0.0,0.006,0.001,0.955,0.033,0.003
114,sotu,23000,219,216,116,116,male,58.0,0.034,0.001,0.025,0.008,0.0,0.034,0.296,0.637,0.0
115,sotu,24000,576,116,141,141,male,66.0,0.001,0.005,0.002,0.004,0.001,0.001,0.931,0.054,0.002
116,sotu,24000,244,211,116,116,male,61.0,0.002,0.0,0.002,0.0,0.0,0.002,0.994,0.001,0.0
117,sotu,24000,899,250,107,107,female,57.0,0.203,0.0,0.013,0.0,0.0,0.203,0.762,0.022,0.0
118,sotu,26000,1146,512,133,138,male,49.0,0.0,0.0,0.012,0.0,0.0,0.0,0.981,0.007,0.0
119,sotu,26000,371,308,132,132,male,59.0,0.0,0.02,0.002,0.0,0.0,0.0,0.977,0.001,0.0
120,sotu,26000,494,65,126,126,male,30.0,0.0,0.0,0.0,0.0,0.0,0.0,1.0,0.0,0.0
121,sotu,26000,235,544,123,123,female,45.0,0.011,0.0,0.164,0.0,0.0,0.011,0.824,0.001,0.0
122,sotu,26000,844,326,117,117,male,27.0,0.408,0.0,0.064,0.001,0.0,0.408,0.524,0.002,0.001
123,sotu,26000,880,104,114,114,male,58.0,0.0,0.0,0.0,0.0,0.0,0.0,0.981,0.019,0.0
124,sotu,27000,571,103,140,140,male,59.0,0.004,0.004,0.002,0.004,0.0,0.004,0.945,0.008,0.033
125,sotu,27000,276,210,117,117,male,60.0,0.011,0.001,0.002,0.001,0.0,0.011,0.858,0.128,0.0
126,sotu,27000,914,247,109,109,female,57.0,0.412,0.0,0.019,0.0,0.0,0.412,0.566,0.003,0.0
127,sotu,28000,527,221,190,190,male,58.0,1.0,0.0,0.0,0.0,0.0,1.0,0.0,0.0,0.0
128,sotu,29000,546,118,147,147,male,68.0,0.0,0.003,0.001,0.002,0.0,0.0,0.887,0.104,0.002
129,sotu,29000,241,228,120,120,male,60.0,0.01,0.0,0.001,0.0,0.0,0.01,0.988,0.0,0.0
130,sotu,29000,922,260,117,117,female,56.0,0.077,0.0,0.005,0.0,0.0,0.077,0.901,0.017,0.0
131,sotu,30000,546,119,136,136,male,68.0,0.0,0.001,0.0,0.0,0.0,0.0,0.862,0.001,0.135
132,sotu,30000,247,232,118,118,male,59.0,0.093,0.001,0.038,0.004,0.0,0.093,0.714,0.149,0.0
133,sotu,30000,974,274,105,105,female,49.0,0.995,0.0,0.001,0.0,0.0,0.995,0.004,0.0,0.0
134,sotu,31000,504,139,151,151,male,53.0,0.043,0.005,0.002,0.007,0.0,0.043,0.427,0.516,0.0
135,sotu,31000,201,243,125,125,male,58.0,0.908,0.0,0.002,0.0,0.0,0.908,0.085,0.005,0.0
136,sotu,31000,965,276,119,119,female,57.0,0.174,0.0,0.083,0.0,0.0,0.174,0.735,0.007,0.0
137,sotu,32000,34,353,117,117,female,49.0,0.006,0.0,0.002,0.0,0.0,0.006,0.993,0.0,0.0
138,sotu,32000,523,570,109,109,female,44.0,0.003,0.001,0.004,0.006,0.001,0.003,0.731,0.254,0.001
139,sotu,32000,866,307,109,109,female,45.0,0.011,0.001,0.004,0.0,0.0,0.011,0.969,0.015,0.0
140,sotu,32000,528,337,103,103,female,35.0,0.04,0.008,0.004,0.011,0.007,0.04,0.664,0.007,0.259
141,sotu,32000,368,183,103,103,female,34.0,0.054,0.0,0.001,0.0,0.0,0.054,0.943,0.001,0.001
142,sotu,32000,724,158,102,102,female,32.0,0.0,0.001,0.001,0.0,0.0,0.0,0.989,0.009,0.0
143,sotu,32000,1182,308,97,107,female,44.0,0.149,0.001,0.26,0.001,0.0,0.149,0.568,0.021,0.0
144,sotu,33000,495,303,77,77,male,58.0,0.936,0.007,0.0,0.001,0.0,0.936,0.055,0.0,0.0
145,sotu,33000,1160,528,76,76,male,43.0,0.298,0.0,0.022,0.0,0.0,0.298,0.679,0.001,0.0
146,sotu,33000,138,428,76,76,male,49.0,0.001,0.0,0.001,0.0,0.0,0.001,0.996,0.003,0.0
147,sotu,33000,258,458,75,75,male,53.0,0.983,0.0,0.001,0.0,0.0,0.983,0.016,0.0,0.0
148,sotu,33000,663,144,73,73,male,43.0,1.0,0.0,0.0,0.0,0.0,1.0,0.0,0.0,0.0
149,sotu,33000,1214,130,65,80,male,41.0,0.0,0.0,0.001,0.0,0.0,0.0,0.998,0.0,0.0
150,sotu,33000,946,179,71,71,female,39.0,1.0,0.0,0.0,0.0,0.0,1.0,0.0,0.0,0.0
151,sotu,33000,847,558,70,70,female,49.0,0.922,0.0,0.0,0.0,0.0,0.922,0.069,0.008,0.0
152,sotu,33000,792,0,70,69,male,43.0,0.77,0.0,0.001,0.0,0.0,0.77,0.228,0.0,0.0
153,sotu,33000,550,412,68,68,male,57.0,0.439,0.0,0.0,0.0,0.0,0.439,0.56,0.001,0.0
154,sotu,33000,365,114,65,65,male,50.0,0.009,0.0,0.001,0.0,0.0,0.009,0.985,0.004,0.0
155,sotu,34000,565,144,143,143,male,60.0,0.0,0.002,0.001,0.005,0.001,0.0,0.889,0.007,0.095
156,sotu,34000,235,245,127,127,male,60.0,0.0,0.0,0.0,0.0,0.0,0.0,0.999,0.001,0.0
157,sotu,34000,970,303,118,118,female,56.0,0.103,0.0,0.001,0.0,0.0,0.103,0.891,0.005,0.0
158,sotu,35000,567,122,146,146,male,67.0,0.008,0.057,0.002,0.008,0.0,0.008,0.902,0.02,0.002
159,sotu,35000,260,236,121,121,male,58.0,0.0,0.0,0.0,0.0,0.0,0.0,0.957,0.043,0.0
160,sotu,35000,967,298,113,113,female,55.0,0.015,0.0,0.001,0.0,0.0,0.015,0.803,0.18,0.0
161,sotu,36000,728,333,207,207,male,48.0,0.0,0.002,0.0,0.0,0.0,0.0,0.994,0.003,0.0
162,sotu,36000,30,351,192,192,male,51.0,0.695,0.0,0.027,0.0,0.0,0.695,0.277,0.0,0.0
163,sotu,36000,505,218,185,185,male,71.0,0.0,0.014,0.003,0.0,0.0,0.0,0.976,0.006,0.0
164,sotu,37000,565,140,143,143,male,67.0,0.002,0.001,0.01,0.001,0.002,0.002,0.823,0.026,0.135
165,sotu,37000,222,226,123,123,male,61.0,0.0,0.0,0.001,0.0,0.0,0.0,0.995,0.003,0.0
166,sotu,37000,945,264,117,117,female,56.0,0.001,0.001,0.005,0.0,0.001,0.001,0.972,0.008,0.011
167,sotu,38000,499,177,233,233,female,48.0,0.1,0.001,0.001,0.001,0.0,0.1,0.867,0.03,0.0
168,sotu,39000,523,121,144,144,male,61.0,0.081,0.013,0.005,0.002,0.0,0.081,0.887,0.008,0.002
169,sotu,39000,240,218,121,121,male,59.0,0.0,0.0,0.0,0.0,0.0,0.0,1.0,0.0,0.0
170,sotu,39000,947,255,117,117,female,56.0,0.011,0.0,0.002,0.0,0.0,0.011,0.985,0.001,0.0
171,sotu,41000,821,418,53,53,male,61.0,0.0,0.001,0.001,0.0,0.0,0.0,0.828,0.169,0.0
172,sotu,41000,47,398,47,47,male,26.0,0.0,0.001,0.0,0.0,0.0,0.0,0.999,0.0,0.0
173,sotu,41000,551,499,45,45,male,56.0,0.0,0.016,0.003,0.002,0.0,0.0,0.565,0.413,0.0
174,sotu,41000,948,264,43,43,male,55.0,0.0,0.0,0.0,0.0,0.0,0.0,0.999,0.001,0.0
175,sotu,41000,371,551,42,42,male,37.0,0.0,0.0,0.002,0.0,0.0,0.0,0.963,0.035,0.0
176,sotu,41000,51,453,41,41,male,30.0,0.0,0.001,0.0,0.0,0.0,0.0,0.998,0.001,0.0
177,sotu,41000,348,534,40,40,female,22.0,0.0,0.0,0.0,0.0,0.0,0.0,1.0,0.0,0.0
178,sotu,41000,702,471,40,40,female,58.0,0.0,0.0,0.0,0.0,0.0,0.0,0.996,0.003,0.0
179,sotu,41000,666,277,39,39,male,26.0,0.258,0.013,0.005,0.001,0.0,0.258,0.723,0.001,0.0
180,sotu,41000,178,460,39,39,male,45.0,0.0,0.004,0.001,0.0,0.0,0.0,0.996,0.0,0.0
181,sotu,41000,662,73,37,37,male,32.0,0.0,0.013,0.001,0.0,0.0,0.0,0.984,0.001,0.0
182,sotu,41000,1098,315,36,36,male,22.0,0.061,0.0,0.0,0.0,0.0,0.061,0.938,0.0,0.0
183,sotu,42000,550,116,147,147,male,60.0,0.001,0.033,0.001,0.006,0.0,0.001,0.942,0.014,0.002
184,sotu,42000,234,222,120,120,male,58.0,0.007,0.0,0.003,0.0,0.0,0.007,0.988,0.002,0.0
185,sotu,42000,905,261,116,116,female,57.0,0.029,0.0,0.009,0.0,0.0,0.029,0.951,0.01,0.0
186,sotu,43000,655,237,106,106,female,33.0,0.677,0.0,0.001,0.0,0.0,0.677,0.321,0.001,0.0
187,sotu,43000,120,95,96,96,female,33.0,0.025,0.001,0.001,0.001,0.0,0.025,0.962,0.006,0.004
188,sotu,43000,399,209,95,95,female,27.0,0.004,0.001,0.0,0.0,0.0,0.004,0.976,0.018,0.001
189,sotu,44000,517,204,174,174,male,32.0,0.093,0.0,0.002,0.0,0.0,0.093,0.902,0.001,0.002
190,sotu,44000,732,182,158,158,male,49.0,0.006,0.0,0.0,0.0,0.0,0.006,0.969,0.024,0.0
191,sotu,44000,228,164,158,158,female,63.0,0.003,0.0,0.008,0.0,0.0,0.003,0.761,0.228,0.0
192,sotu,45000,485,223,266,266,male,49.0,1.0,0.0,0.0,0.0,0.0,1.0,0.0,0.0,0.0
193,sotu,46000,545,146,143,143,male,62.0,0.0,0.001,0.001,0.001,0.001,0.0,0.828,0.019,0.148
194,sotu,46000,191,235,119,119,male,58.0,0.0,0.003,0.008,0.0,0.0,0.0,0.955,0.034,0.0
195,sotu,46000,901,261,114,114,female,56.0,0.023,0.0,0.025,0.0,0.0,0.023,0.945,0.005,0.001
196,sotu,48000,525,101,144,144,male,68.0,0.002,0.002,0.018,0.007,0.008,0.002,0.755,0.034,0.174
197,sotu,48000,176,219,122,122,male,59.0,0.0,0.003,0.002,0.0,0.0,0.0,0.992,0.002,0.0
198,sotu,48000,875,262,111,111,female,55.0,0.186,0.0,0.002,0.0,0.0,0.186,0.802,0.011,0.0
199,sotu,49000,68,284,190,190,male,59.0,0.0,0.0,0.0,0.0,0.0,0.0,0.891,0.109,0.0
200,sotu,49000,663,177,182,182,male,61.0,0.0,0.001,0.0,0.0,0.0,0.0,0.998,0.001,0.0
201,sotu,49000,130,59,180,180,male,48.0,0.0,0.0,0.0,0.0,0.0,0.0,0.923,0.076,0.0
202,sotu,50000,521,113,139,139,male,52.0,0.003,0.068,0.001,0.009,0.006,0.003,0.634,0.24,0.039
203,sotu,50000,193,220,121,121,male,59.0,0.0,0.001,0.002,0.0,0.0,0.0,0.996,0.001,0.0
204,sotu,50000,918,260,118,118,female,57.0,0.0,0.0,0.001,0.0,0.0,0.0,0.996,0.003,0.0
205,sotu,51000,531,105,133,133,male,66.0,0.0,0.0,0.0,0.0,0.0,0.0,0.974,0.026,0.0
206,sotu,51000,203,228,128,128,male,58.0,0.0,0.007,0.001,0.0,0.0,0.0,0.991,0.0,0.0
207,sotu,51000,918,267,123,123,female,54.0,0.005,0.002,0.054,0.007,0.006,0.005,0.566,0.352,0.009
208,sotu,52000,556,118,146,146,male,64.0,0.001,0.038,0.01,0.007,0.0,0.001,0.942,0.003,0.0
209,sotu,52000,196,218,128,128,male,58.0,0.0,0.001,0.003,0.0,0.0,0.0,0.996,0.001,0.0
210,sotu,52000,928,257,119,119,female,55.0,0.127,0.0,0.001,0.0,0.0,0.127,0.867,0.004,0.0
211,sotu,53000,539,117,142,142,male,67.0,0.0,0.001,0.001,0.001,0.002,0.0,0.464,0.528,0.003
212,sotu,53000,235,219,126,126,male,58.0,0.0,0.003,0.001,0.0,0.0,0.0,0.996,0.0,0.0
213,sotu,53000,948,265,116,116,female,56.0,0.112,0.0,0.147,0.0,0.0,0.112,0.733,0.007,0.0
214,sotu,54000,153,204,176,176,male,61.0,0.0,0.009,0.002,0.002,0.0,0.0,0.971,0.016,0.0
215,sotu,54000,807,311,155,155,male,53.0,0.003,0.018,0.046,0.001,0.0,0.003,0.926,0.005,0.0
216,sotu,55000,513,109,155,155,male,70.0,0.001,0.173,0.001,0.012,0.002,0.001,0.707,0.098,0.004
217,sotu,55000,181,222,129,129,male,58.0,0.0,0.001,0.002,0.0,0.0,0.0,0.995,0.002,0.0
218,sotu,55000,923,264,120,120,female,57.0,0.0,0.0,0.001,0.0,0.0,0.0,0.995,0.004,0.0
219,sotu,56000,138,216,159,159,female,50.0,0.006,0.043,0.002,0.268,0.001,0.006,0.566,0.112,0.001
220,sotu,56000,377,581,165,138,male,45.0,0.0,0.01,0.004,0.0,0.0,0.0,0.893,0.092,0.0
221,sotu,56000,796,276,134,134,female,47.0,0.0,0.0,0.002,0.0,0.0,0.0,0.948,0.05,0.0
222,sotu,57000,508,137,144,144,male,65.0,0.076,0.003,0.001,0.002,0.0,0.076,0.782,0.136,0.0
223,sotu,57000,184,224,128,128,male,61.0,0.0,0.003,0.002,0.0,0.0,0.0,0.988,0.006,0.0
224,sotu,57000,924,267,122,122,female,56.0,0.002,0.0,0.001,0.0,0.0,0.002,0.994,0.003,0.0
225,sotu,58000,725,478,134,134,male,43.0,0.0,0.0,0.0,0.0,0.0,0.0,0.988,0.012,0.0
226,sotu,58000,1033,225,131,131,female,62.0,0.001,0.0,0.004,0.0,0.0,0.001,0.533,0.462,0.0
227,sotu,58000,561,180,114,114,female,22.0,0.531,0.0,0.001,0.0,0.0,0.531,0.468,0.0,0.0
228,sotu,58000,238,216,100,100,female,43.0,0.05,0.0,0.001,0.0,0.0,0.05,0.924,0.024,0.0
229,sotu,59000,733,504,138,138,male,43.0,0.0,0.0,0.0,0.0,0.0,0.0,0.995,0.004,0.0
230,sotu,59000,1008,238,128,128,female,63.0,0.001,0.0,0.002,0.0,0.0,0.001,0.664,0.333,0.0
231,sotu,59000,170,189,121,121,female,36.0,0.556,0.0,0.05,0.001,0.001,0.556,0.381,0.01,0.001
232,sotu,59000,668,197,98,98,female,28.0,0.994,0.0,0.0,0.0,0.0,0.994,0.002,0.003,0.0
233,sotu,60000,223,355,113,113,male,58.0,0.0,0.001,0.005,0.0,0.0,0.0,0.916,0.078,0.0
234,sotu,60000,1027,182,98,98,female,44.0,0.064,0.001,0.001,0.001,0.0,0.064,0.701,0.233,0.0
235,sotu,61000,1076,213,182,182,male,32.0,0.0,0.001,0.0,0.0,0.0,0.0,0.648,0.351,0.0
236,sotu,61000,700,208,158,158,female,48.0,0.493,0.0,0.0,0.0,0.0,0.493,0.506,0.001,0.0
237,sotu,61000,500,155,151,151,female,38.0,0.001,0.001,0.0,0.001,0.0,0.001,0.959,0.037,0.0
238,sotu,61000,226,0,150,136,male,44.0,0.001,0.0,0.0,0.0,0.0,0.001,0.991,0.008,0.0
239,sotu,62000,631,176,121,121,male,41.0,0.971,0.0,0.001,0.0,0.0,0.971,0.028,0.0,0.0
240,sotu,62000,142,256,106,106,male,49.0,0.001,0.008,0.0,0.0,0.0,0.001,0.985,0.005,0.0
241,sotu,63000,553,121,134,134,male,69.0,0.003,0.094,0.001,0.011,0.0,0.003,0.863,0.006,0.022
242,sotu,63000,149,230,125,125,male,58.0,0.0,0.0,0.002,0.0,0.0,0.0,0.996,0.001,0.0
243,sotu,63000,935,289,112,112,female,57.0,0.52,0.0,0.023,0.0,0.0,0.52,0.456,0.001,0.0
244,sotu,64000,526,135,142,142,male,66.0,0.001,0.111,0.001,0.03,0.018,0.001,0.192,0.638,0.008
245,sotu,64000,156,226,121,121,male,58.0,0.0,0.0,0.016,0.0,0.0,0.0,0.962,0.022,0.0
246,sotu,64000,1012,256,108,108,female,51.0,0.048,0.0,0.002,0.0,0.0,0.048,0.943,0.002,0.004
247,sotu,65000,541,126,125,125,male,61.0,0.002,0.003,0.001,0.002,0.004,0.002,0.69,0.054,0.244
248,sotu,65000,184,230,118,118,male,58.0,0.0,0.0,0.002,0.0,0.0,0.0,0.996,0.002,0.0
249,sotu,65000,903,270,114,114,female,56.0,0.0,0.0,0.0,0.0,0.0,0.0,0.998,0.001,0.0
250,sotu,66000,567,125,133,133,male,57.0,0.966,0.0,0.0,0.0,0.0,0.966,0.0,0.034,0.0
251,sotu,66000,167,226,124,124,male,58.0,0.0,0.002,0.014,0.0,0.0,0.0,0.946,0.037,0.0
252,sotu,66000,941,263,120,120,female,56.0,0.001,0.002,0.006,0.0,0.001,0.001,0.979,0.008,0.003
253,sotu,67000,493,195,158,158,male,44.0,0.189,0.0,0.149,0.001,0.0,0.189,0.638,0.023,0.0
254,sotu,67000,0,313,150,163,male,71.0,0.008,0.0,0.001,0.0,0.0,0.008,0.961,0.029,0.0
255,sotu,68000,538,106,147,147,male,67.0,0.0,0.0,0.019,0.0,0.0,0.0,0.83,0.15,0.0
256,sotu,68000,215,220,123,123,male,60.0,0.0,0.01,0.001,0.0,0.0,0.0,0.989,0.0,0.0
257,sotu,68000,899,261,114,114,female,56.0,0.009,0.0,0.007,0.0,0.0,0.009,0.955,0.028,0.0
258,sotu,69000,524,199,203,203,female,44.0,0.703,0.0,0.001,0.0,0.0,0.703,0.296,0.0,0.0
259,sotu,70000,549,118,139,139,male,67.0,0.002,0.0,0.0,0.0,0.0,0.002,0.809,0.188,0.0
260,sotu,70000,221,225,117,117,male,62.0,0.0,0.02,0.001,0.0,0.0,0.0,0.978,0.001,0.0
261,sotu,70000,886,254,115,115,female,56.0,0.018,0.0,0.033,0.0,0.0,0.018,0.943,0.006,0.0
262,sotu,71000,540,140,151,151,male,65.0,0.0,0.206,0.003,0.004,0.0,0.0,0.782,0.004,0.001
263,sotu,71000,144,256,129,129,male,58.0,0.0,0.006,0.012,0.0,0.0,0.0,0.977,0.006,0.0
264,sotu,71000,904,290,126,126,female,56.0,0.005,0.001,0.029,0.001,0.001,0.005,0.95,0.007,0.005
265,sotu,72000,543,321,100,100,female,32.0,0.0,0.0,0.0,0.0,0.0,0.0,0.997,0.003,0.0
266,sotu,72000,852,575,93,93,male,33.0,0.607,0.0,0.001,0.0,0.0,0.607,0.392,0.0,0.0
267,sotu,72000,350,111,91,91,female,31.0,1.0,0.0,0.0,0.0,0.0,1.0,0.0,0.0,0.0
268,sotu,72000,1096,131,82,82,female,39.0,0.96,0.0,0.0,0.0,0.0,0.96,0.04,0.0,0.0
269,sotu,73000,573,127,139,139,male,54.0,0.008,0.004,0.002,0.006,0.001,0.008,0.922,0.009,0.048
270,sotu,73000,220,224,118,118,male,60.0,0.152,0.0,0.004,0.0,0.0,0.152,0.823,0.021,0.0
271,sotu,73000,875,264,110,110,female,56.0,0.968,0.0,0.0,0.0,0.0,0.968,0.023,0.008,0.0
272,sotu,75000,971,158,117,117,female,34.0,1.0,0.0,0.0,0.0,0.0,1.0,0.0,0.0,0.0
273,sotu,75000,234,115,115,115,male,39.0,0.999,0.0,0.0,0.0,0.0,0.999,0.001,0.0,0.0
274,sotu,75000,615,156,109,109,female,31.0,1.0,0.0,0.0,0.0,0.0,1.0,0.0,0.0,0.0
275,sotu,76000,475,308,107,107,male,57.0,0.99,0.0,0.0,0.0,0.0,0.99,0.003,0.007,0.0
276,sotu,76000,309,96,97,97,male,50.0,1.0,0.0,0.0,0.0,0.0,1.0,0.0,0.0,0.0
277,sotu,76000,889,162,91,91,female,44.0,0.126,0.009,0.0,0.008,0.003,0.126,0.448,0.386,0.019
278,sotu,77000,528,89,140,140,male,71.0,0.0,0.076,0.002,0.001,0.002,0.0,0.91,0.004,0.005
279,sotu,77000,337,199,103,103,male,51.0,0.042,0.356,0.007,0.007,0.002,0.042,0.574,0.011,0.001
280,sotu,77000,1050,279,97,97,female,56.0,0.666,0.002,0.032,0.009,0.0,0.666,0.284,0.006,0.001
281,sotu,79000,537,406,201,201,male,49.0,0.002,0.001,0.0,0.0,0.0,0.002,0.995,0.002,0.0
282,sotu,79000,452,246,191,191,male,45.0,0.033,0.0,0.0,0.0,0.0,0.033,0.96,0.006,0.001
283,sotu,80000,1079,160,170,170,male,50.0,0.482,0.0,0.031,0.0,0.0,0.482,0.487,0.0,0.0
284,sotu,80000,22,235,162,162,male,71.0,0.0,0.0,0.003,0.0,0.0,0.0,0.796,0.201,0.0
285,sotu,80000,521,133,153,153,male,45.0,0.837,0.0,0.001,0.0,0.0,0.837,0.162,0.0,0.0
286,sotu,81000,527,128,149,149,male,68.0,0.0,0.062,0.001,0.007,0.001,0.0,0.906,0.007,0.017
287,sotu,81000,179,236,129,129,male,58.0,0.0,0.001,0.002,0.0,0.0,0.0,0.996,0.001,0.0
288,sotu,81000,922,288,121,121,female,56.0,0.013,0.0,0.003,0.0,0.0,0.013,0.97,0.013,0.0
289,sotu,82000,602,105,167,167,male,67.0,0.009,0.242,0.002,0.019,0.002,0.009,0.632,0.036,0.057
290,sotu,82000,210,244,130,130,male,58.0,0.0,0.002,0.0,0.0,0.0,0.0,0.997,0.0,0.0
291,sotu,82000,920,290,121,121,female,56.0,0.002,0.0,0.018,0.0,0.0,0.002,0.772,0.207,0.0
292,sotu,83000,516,196,123,123,male,54.0,0.02,0.004,0.002,0.002,0.001,0.02,0.817,0.151,0.001
293,sotu,83000,229,295,104,104,male,59.0,0.0,0.0,0.005,0.0,0.0,0.0,0.991,0.004,0.0
294,sotu,83000,874,328,102,102,female,58.0,0.054,0.0,0.004,0.0,0.0,0.054,0.935,0.007,0.0
295,sotu,84000,583,107,134,134,male,57.0,0.0,0.0,0.0,0.0,0.0,0.0,0.976,0.023,0.0
296,sotu,84000,201,210,121,121,male,58.0,0.0,0.001,0.021,0.0,0.0,0.0,0.972,0.005,0.0
297,sotu,84000,876,262,112,112,female,57.0,0.003,0.0,0.009,0.0,0.0,0.003,0.976,0.012,0.0
298,sotu,85000,532,123,145,145,male,61.0,0.0,0.006,0.001,0.002,0.004,0.0,0.813,0.167,0.006
299,sotu,85000,194,224,120,120,male,58.0,0.0,0.001,0.024,0.0,0.0,0.0,0.96,0.014,0.0
300,sotu,85000,948,264,119,119,female,57.0,0.006,0.001,0.002,0.0,0.002,0.006,0.96,0.012,0.016
301,sotu,86000,162,490,162,162,male,56.0,0.0,0.001,0.0,0.0,0.0,0.0,0.955,0.044,0.0
302,sotu,86000,1056,573,171,146,male,71.0,0.001,0.048,0.003,0.002,0.0,0.001,0.885,0.061,0.0
303,sotu,86000,543,511,157,157,female,53.0,0.002,0.0,0.001,0.0,0.0,0.002,0.997,0.0,0.0
304,sotu,87000,540,136,156,156,male,67.0,0.004,0.04,0.004,0.008,0.003,0.004,0.684,0.247,0.01
305,sotu,87000,188,242,126,126,male,58.0,0.0,0.0,0.002,0.0,0.0,0.0,0.987,0.011,0.0
306,sotu,87000,930,291,118,118,female,55.0,0.378,0.0,0.044,0.0,0.0,0.378,0.574,0.004,0.0
307,sotu,88000,525,123,131,131,male,14.0,0.0,0.089,0.001,0.004,0.001,0.0,0.313,0.005,0.587
308,sotu,88000,193,227,120,120,male,58.0,0.0,0.001,0.006,0.0,0.0,0.0,0.988,0.005,0.0
309,sotu,88000,948,273,118,118,female,58.0,0.043,0.0,0.001,0.0,0.0,0.043,0.954,0.002,0.0
310,sotu,89000,1062,371,158,158,male,51.0,0.021,0.0,0.0,0.0,0.0,0.021,0.976,0.003,0.0
311,sotu,89000,1014,214,145,145,male,42.0,0.059,0.0,0.0,0.0,0.0,0.059,0.931,0.011,0.0
312,sotu,89000,608,77,138,138,male,55.0,0.001,0.007,0.114,0.0,0.0,0.001,0.789,0.09,0.0
313,sotu,90000,532,325,119,119,male,65.0,0.271,0.0,0.093,0.0,0.0,0.271,0.634,0.002,0.0
314,sotu,90000,372,88,105,105,male,56.0,0.005,0.001,0.104,0.0,0.0,0.005,0.885,0.005,0.0
315,sotu,90000,927,457,101,101,female,57.0,0.442,0.0,0.025,0.0,0.0,0.442,0.533,0.0,0.0
316,sotu,91000,504,125,150,150,male,62.0,0.001,0.002,0.005,0.002,0.0,0.001,0.937,0.051,0.001
317,sotu,91000,191,233,126,126,male,61.0,0.0,0.0,0.001,0.0,0.0,0.0,0.997,0.002,0.0
318,sotu,91000,955,282,125,125,female,56.0,0.001,0.0,0.005,0.0,0.0,0.001,0.988,0.006,0.0
319,sotu,92000,532,117,141,141,male,63.0,0.0,0.001,0.001,0.0,0.001,0.0,0.905,0.087,0.005
320,sotu,92000,238,231,124,124,male,61.0,0.0,0.001,0.0,0.0,0.0,0.0,0.999,0.001,0.0
321,sotu,92000,952,267,123,123,female,57.0,0.02,0.001,0.096,0.0,0.0,0.02,0.875,0.007,0.001
322,sotu,93000,0,386,172,172,female,41.0,1.0,0.0,0.0,0.0,0.0,1.0,0.0,0.0,0.0
323,sotu,93000,592,267,126,126,male,9.0,1.0,0.0,0.0,0.0,0.0,1.0,0.0,0.0,0.0
324,sotu,94000,554,120,138,138,male,44.0,0.0,0.132,0.001,0.009,0.0,0.0,0.853,0.003,0.002
325,sotu,94000,166,230,120,120,male,58.0,0.012,0.0,0.001,0.0,0.0,0.012,0.98,0.006,0.0
326,sotu,94000,918,260,115,115,female,57.0,0.28,0.0,0.004,0.0,0.0,0.28,0.714,0.001,0.0
327,sotu,95000,760,312,149,149,female,11.0,1.0,0.0,0.0,0.0,0.0,1.0,0.0,0.0,0.0
328,sotu,96000,293,206,171,171,female,35.0,0.0,0.0,0.0,0.0,0.0,0.0,0.943,0.056,0.0
329,sotu,96000,935,399,140,140,male,10.0,0.994,0.0,0.0,0.0,0.0,0.994,0.006,0.0,0.0
330,sotu,97000,560,107,139,139,male,58.0,0.001,0.001,0.0,0.0,0.0,0.001,0.972,0.025,0.001
331,sotu,97000,810,249,121,121,female,35.0,0.008,0.001,0.001,0.0,0.008,0.008,0.966,0.006,0.01
332,sotu,97000,156,211,118,118,male,58.0,0.0,0.0,0.004,0.0,0.0,0.0,0.992,0.004,0.0
333,sotu,98000,0,124,195,196,male,39.0,0.0,0.001,0.026,0.0,0.0,0.0,0.968,0.005,0.0
334,sotu,98000,228,281,161,161,female,38.0,0.0,0.0,0.0,0.0,0.0,0.0,0.999,0.001,0.0
335,sotu,98000,1042,180,159,159,male,37.0,0.0,0.004,0.007,0.0,0.0,0.0,0.978,0.011,0.0
336,sotu,98000,555,212,157,157,female,51.0,0.754,0.0,0.0,0.0,0.0,0.754,0.245,0.0,0.0
337,sotu,99000,558,121,136,136,male,43.0,0.0,0.027,0.001,0.003,0.0,0.0,0.953,0.014,0.001
338,sotu,99000,232,235,119,119,male,57.0,0.0,0.0,0.003,0.0,0.0,0.0,0.936,0.061,0.0
339,sotu,99000,874,309,105,105,female,56.0,0.38,0.0,0.001,0.0,0.0,0.38,0.618,0.0,0.0
340,sotu,100000,513,106,133,133,male,67.0,0.0,0.001,0.002,0.001,0.001,0.0,0.582,0.411,0.001
341,sotu,100000,191,227,121,121,male,59.0,0.0,0.0,0.001,0.0,0.0,0.0,0.996,0.003,0.0
342,sotu,100000,849,257,117,117,female,54.0,0.001,0.0,0.001,0.0,0.0,0.001,0.989,0.008,0.0
343,sotu,101000,917,354,81,81,male,56.0,0.0,0.129,0.001,0.001,0.0,0.0,0.868,0.001,0.0
344,sotu,101000,245,428,80,80,male,40.0,0.002,0.001,0.001,0.0,0.0,0.002,0.988,0.009,0.0
345,sotu,101000,992,262,69,69,female,32.0,0.0,0.023,0.025,0.0,0.0,0.0,0.945,0.007,0.0
346,sotu,101000,994,116,64,64,female,57.0,0.0,0.001,0.004,0.003,0.0,0.0,0.74,0.252,0.0
347,sotu,101000,721,124,64,64,female,55.0,0.005,0.001,0.002,0.0,0.0,0.005,0.991,0.001,0.0
348,sotu,101000,272,17,61,61,female,44.0,0.109,0.0,0.001,0.0,0.0,0.109,0.89,0.001,0.0
349,sotu,101000,1193,113,60,60,female,34.0,0.001,0.0,0.0,0.0,0.0,0.001,0.998,0.001,0.0
350,sotu,101000,514,150,59,59,female,42.0,0.915,0.0,0.002,0.0,0.0,0.915,0.083,0.0,0.0
351,sotu,101000,296,161,58,58,female,56.0,0.334,0.0,0.001,0.001,0.0,0.334,0.661,0.003,0.001
352,sotu,101000,273,339,57,57,female,41.0,0.032,0.0,0.002,0.001,0.0,0.032,0.901,0.06,0.003
353,sotu,101000,492,0,59,52,female,32.0,0.0,0.0,0.006,0.0,0.0,0.0,0.992,0.002,0.0
354,sotu,101000,732,303,55,55,female,23.0,0.0,0.0,0.0,0.0,0.0,0.0,0.975,0.0,0.025
355,sotu,101000,786,0,54,47,female,36.0,0.0,0.0,0.0,0.0,0.0,0.0,0.988,0.009,0.003
356,sotu,103000,523,121,140,140,male,61.0,0.0,0.008,0.001,0.001,0.0,0.0,0.974,0.014,0.001
357,sotu,103000,234,216,119,119,male,58.0,0.0,0.0,0.001,0.0,0.0,0.0,0.987,0.012,0.0
358,sotu,103000,892,263,118,118,female,56.0,0.007,0.0,0.0,0.0,0.0,0.007,0.991,0.001,0.0
359,sotu,104000,555,198,204,204,male,57.0,0.0,0.016,0.0,0.0,0.0,0.0,0.983,0.0,0.0
360,sotu,104000,37,137,190,190,female,45.0,0.002,0.0,0.001,0.0,0.0,0.002,0.988,0.01,0.0
361,sotu,105000,519,129,154,154,male,69.0,0.0,0.033,0.001,0.002,0.002,0.0,0.907,0.037,0.018
362,sotu,105000,173,243,131,131,male,59.0,0.0,0.004,0.007,0.0,0.0,0.0,0.988,0.001,0.0
363,sotu,105000,891,278,124,124,female,57.0,0.24,0.0,0.009,0.0,0.0,0.24,0.75,0.001,0.0
364,sotu,106000,187,236,129,129,male,60.0,0.0,0.001,0.001,0.0,0.0,0.0,0.997,0.0,0.0
365,sotu,106000,888,288,119,119,female,56.0,0.03,0.0,0.26,0.001,0.0,0.03,0.641,0.068,0.0
366,sotu,107000,806,322,57,57,male,32.0,0.0,0.0,0.0,0.0,0.0,0.0,0.999,0.001,0.0
367,sotu,107000,512,158,56,56,male,58.0,0.0,0.003,0.0,0.0,0.0,0.0,0.996,0.0,0.0
368,sotu,107000,360,186,53,53,male,57.0,0.0,0.0,0.001,0.0,0.0,0.0,0.998,0.002,0.0
369,sotu,107000,600,74,52,52,male,48.0,0.0,0.048,0.001,0.0,0.0,0.0,0.951,0.0,0.0
370,sotu,107000,124,142,51,51,male,51.0,0.0,0.0,0.0,0.0,0.0,0.0,0.999,0.0,0.0
371,sotu,107000,418,121,48,48,male,43.0,0.0,0.0,0.0,0.0,0.0,0.0,0.999,0.0,0.0
372,sotu,107000,311,148,48,48,male,55.0,0.0,0.041,0.0,0.0,0.0,0.0,0.957,0.002,0.0
373,sotu,107000,0,133,40,45,female,44.0,0.0,0.0,0.0,0.0,0.0,0.0,0.952,0.047,0.0
374,sotu,108000,503,129,148,148,male,60.0,0.0,0.003,0.0,0.0,0.0,0.0,0.655,0.002,0.339
375,sotu,108000,175,241,129,129,male,60.0,0.0,0.004,0.002,0.0,0.0,0.0,0.994,0.001,0.0
376,sotu,108000,853,270,118,118,female,57.0,0.0,0.0,0.001,0.0,0.001,0.0,0.985,0.003,0.008
377,sotu,109000,562,130,150,150,male,58.0,0.008,0.02,0.001,0.018,0.0,0.008,0.928,0.014,0.011
378,sotu,109000,167,249,131,131,male,56.0,0.0,0.0,0.0,0.0,0.0,0.0,0.998,0.002,0.0
379,sotu,109000,849,286,118,118,female,53.0,0.018,0.0,0.001,0.0,0.0,0.018,0.977,0.004,0.0
380,sotu,110000,541,119,140,140,male,29.0,0.001,0.725,0.002,0.026,0.0,0.001,0.24,0.003,0.002
381,sotu,110000,207,236,126,126,male,58.0,0.0,0.003,0.0,0.0,0.0,0.0,0.997,0.0,0.0
382,sotu,110000,873,282,121,121,female,57.0,0.004,0.0,0.002,0.0,0.0,0.004,0.983,0.01,0.0
383,sotu,111000,980,370,37,37,male,44.0,0.001,0.0,0.0,0.0,0.0,0.001,0.998,0.0,0.0
384,sotu,112000,537,119,136,136,male,56.0,0.0,0.034,0.001,0.011,0.0,0.0,0.935,0.015,0.004
385,sotu,112000,207,245,128,128,male,59.0,0.0,0.039,0.001,0.0,0.0,0.0,0.961,0.0,0.0
386,sotu,112000,845,291,128,128,female,37.0,0.004,0.0,0.0,0.0,0.002,0.004,0.984,0.007,0.003
387,sotu,113000,572,208,191,191,male,71.0,0.003,0.0,0.001,0.0,0.0,0.003,0.919,0.077,0.0
388,sotu,115000,577,118,149,149,male,60.0,0.062,0.021,0.001,0.015,0.001,0.062,0.748,0.091,0.06
389,sotu,115000,816,275,124,124,female,38.0,0.022,0.0,0.001,0.0,0.005,0.022,0.956,0.014,0.002
390,sotu,115000,181,232,123,123,male,59.0,0.067,0.001,0.001,0.0,0.0,0.067,0.927,0.004,0.0
391,sotu,116000,555,142,149,149,male,63.0,0.002,0.025,0.002,0.003,0.0,0.002,0.953,0.014,0.001
392,sotu,116000,192,242,131,131,male,58.0,0.0,0.001,0.001,0.0,0.0,0.0,0.997,0.0,0.0
393,sotu,116000,861,287,126,126,female,57.0,0.004,0.0,0.002,0.0,0.0,0.004,0.992,0.001,0.0
394,sotu,117000,477,125,145,145,male,66.0,0.0,0.001,0.001,0.0,0.0,0.0,0.925,0.073,0.0
395,sotu,117000,886,287,126,126,female,56.0,0.008,0.003,0.001,0.001,0.003,0.008,0.885,0.013,0.087
396,sotu,117000,204,244,126,126,male,58.0,0.0,0.004,0.001,0.0,0.0,0.0,0.994,0.002,0.0
397,sotu,118000,537,133,146,146,male,60.0,0.001,0.301,0.001,0.018,0.001,0.001,0.614,0.039,0.024
398,sotu,118000,183,237,130,130,male,58.0,0.0,0.004,0.002,0.0,0.0,0.0,0.992,0.002,0.0
399,sotu,118000,906,279,121,121,female,56.0,0.019,0.0,0.071,0.0,0.0,0.019,0.897,0.013,0.0
400,sotu,119000,517,136,146,146,male,67.0,0.005,0.163,0.001,0.006,0.001,0.005,0.418,0.004,0.401
401,sotu,119000,190,240,130,130,male,60.0,0.0,0.0,0.0,0.0,0.0,0.0,0.999,0.001,0.0
402,sotu,119000,884,296,129,129,female,58.0,0.0,0.0,0.0,0.0,0.0,0.0,0.996,0.004,0.0
403,sotu,121000,552,139,147,147,male,45.0,0.0,0.203,0.001,0.009,0.001,0.0,0.724,0.004,0.058
404,sotu,121000,195,246,128,128,male,59.0,0.0,0.005,0.001,0.0,0.0,0.0,0.994,0.001,0.0
405,sotu,121000,874,300,123,123,female,57.0,0.0,0.0,0.0,0.0,0.0,0.0,0.996,0.003,0.0
406,sotu,122000,538,132,143,143,male,69.0,0.0,0.079,0.002,0.012,0.0,0.0,0.82,0.085,0.001
407,sotu,122000,203,250,127,127,male,59.0,0.0,0.004,0.0,0.0,0.0,0.0,0.996,0.0,0.0
408,sotu,122000,895,293,122,122,female,56.0,0.009,0.0,0.001,0.0,0.0,0.009,0.988,0.0,0.001
409,sotu,123000,493,178,161,161,male,69.0,0.045,0.0,0.034,0.0,0.0,0.045,0.92,0.0,0.0
410,sotu,125000,562,134,143,143,male,56.0,0.007,0.11,0.001,0.017,0.001,0.007,0.753,0.108,0.003
411,sotu,125000,182,237,130,130,male,59.0,0.0,0.011,0.002,0.0,0.0,0.0,0.985,0.002,0.0
412,sotu,125000,910,276,124,124,female,57.0,0.003,0.0,0.012,0.0,0.0,0.003,0.941,0.044,0.0
413,sotu,126000,188,229,126,126,male,58.0,0.0,0.0,0.001,0.0,0.0,0.0,0.996,0.003,0.0
414,sotu,126000,964,280,118,118,female,58.0,0.0,0.0,0.001,0.0,0.0,0.0,0.996,0.003,0.0
415,sotu,127000,519,116,136,136,male,66.0,0.01,0.039,0.003,0.005,0.0,0.01,0.924,0.018,0.001
416,sotu,127000,196,215,126,126,male,58.0,0.0,0.003,0.002,0.0,0.0,0.0,0.992,0.003,0.0
417,sotu,127000,874,263,118,118,female,56.0,0.001,0.001,0.005,0.0,0.006,0.001,0.932,0.036,0.02
418,sotu,128000,563,174,164,164,male,37.0,0.0,0.001,0.0,0.0,0.0,0.0,0.999,0.0,0.0
419,sotu,129000,399,138,193,193,male,37.0,0.0,0.0,0.0,0.0,0.0,0.0,0.999,0.0,0.0
420,sotu,130000,514,218,117,117,male,39.0,0.002,0.005,0.003,0.001,0.0,0.002,0.981,0.007,0.0
421,sotu,130000,843,337,105,105,female,54.0,0.988,0.0,0.0,0.0,0.0,0.988,0.012,0.0,0.0
422,sotu,131000,527,144,194,194,male,71.0,0.007,0.0,0.117,0.0,0.0,0.007,0.863,0.013,0.0
423,sotu,132000,472,174,109,109,male,67.0,0.794,0.0,0.014,0.0,0.0,0.794,0.161,0.03,0.0
424,sotu,132000,265,250,105,105,male,60.0,0.0,0.0,0.002,0.0,0.0,0.0,0.642,0.355,0.0
425,sotu,132000,821,303,101,101,female,56.0,0.032,0.0,0.003,0.0,0.0,0.032,0.962,0.001,0.001
426,sotu,133000,326,297,90,90,male,48.0,0.99,0.0,0.0,0.0,0.0,0.99,0.008,0.0,0.001
427,sotu,133000,851,90,79,79,female,51.0,1.0,0.0,0.0,0.0,0.0,1.0,0.0,0.0,0.0
428,sotu,134000,542,120,129,129,male,58.0,0.043,0.013,0.002,0.079,0.002,0.043,0.483,0.377,0.002
429,sotu,134000,177,220,123,123,male,58.0,0.0,0.004,0.023,0.0,0.0,0.0,0.97,0.003,0.0
430,sotu,134000,887,259,114,114,female,54.0,0.898,0.0,0.0,0.0,0.0,0.898,0.1,0.001,0.001
431,sotu,135000,591,236,107,107,male,30.0,0.0,0.0,0.0,0.0,0.0,0.0,0.98,0.02,0.0
432,sotu,135000,375,209,91,91,male,44.0,0.004,0.004,0.0,0.0,0.0,0.004,0.933,0.058,0.0
433,sotu,135000,872,377,90,90,female,54.0,0.012,0.004,0.001,0.004,0.01,0.012,0.661,0.185,0.125
434,sotu,136000,499,234,230,230,male,71.0,0.0,0.0,0.001,0.0,0.0,0.0,0.998,0.002,0.0
435,sotu,137000,817,326,230,230,male,71.0,0.002,0.0,0.001,0.0,0.0,0.002,0.991,0.005,0.001
436,sotu,138000,831,309,142,142,male,71.0,0.157,0.0,0.0,0.0,0.0,0.157,0.826,0.016,0.0
437,sotu,139000,653,625,36,36,male,41.0,0.001,0.0,0.0,0.0,0.0,0.001,0.996,0.003,0.0
438,sotu,140000,149,237,135,135,male,58.0,0.0,0.0,0.004,0.0,0.0,0.0,0.906,0.09,0.0
439,sotu,140000,870,281,128,128,female,57.0,0.001,0.0,0.001,0.0,0.0,0.001,0.994,0.004,0.0
440,sotu,141000,844,261,86,86,male,71.0,0.0,0.0,0.001,0.0,0.001,0.0,0.972,0.02,0.006
441,sotu,141000,109,178,82,82,male,71.0,0.0,0.0,0.0,0.0,0.0,0.0,0.993,0.006,0.0
442,sotu,141000,363,215,81,81,male,71.0,0.007,0.0,0.001,0.003,0.0,0.007,0.958,0.031,0.0
443,sotu,141000,224,530,79,79,male,70.0,0.006,0.006,0.06,0.001,0.0,0.006,0.834,0.093,0.0
444,sotu,141000,418,505,71,71,female,49.0,0.0,0.001,0.001,0.0,0.0,0.0,0.904,0.093,0.0
445,sotu,141000,900,478,71,71,female,38.0,0.004,0.0,0.0,0.0,0.0,0.004,0.995,0.001,0.0
446,sotu,141000,624,253,71,71,male,70.0,0.0,0.0,0.001,0.0,0.0,0.0,0.969,0.03,0.0
447,sotu,141000,1105,229,71,71,male,71.0,0.0,0.0,0.0,0.0,0.0,0.0,0.995,0.003,0.001
448,sotu,141000,664,513,69,69,female,25.0,0.0,0.0,0.0,0.0,0.0,0.0,1.0,0.0,0.0
449,sotu,141000,1125,588,59,59,male,12.0,0.004,0.0,0.0,0.0,0.0,0.004,0.926,0.069,0.0
450,sotu,142000,511,131,155,155,male,67.0,0.001,0.15,0.001,0.005,0.0,0.001,0.827,0.013,0.003
451,sotu,142000,202,240,129,129,male,60.0,0.0,0.0,0.0,0.0,0.0,0.0,0.998,0.002,0.0
452,sotu,142000,925,296,126,126,female,56.0,0.0,0.0,0.001,0.0,0.0,0.0,0.991,0.008,0.0
453,sotu,143000,539,142,146,146,male,62.0,0.001,0.023,0.001,0.004,0.016,0.001,0.766,0.119,0.07
454,sotu,143000,201,240,131,131,male,61.0,0.0,0.0,0.0,0.0,0.0,0.0,0.994,0.006,0.0
455,sotu,143000,915,296,126,126,female,56.0,0.0,0.0,0.019,0.0,0.001,0.0,0.853,0.125,0.001
456,sotu,144000,516,139,139,139,male,57.0,0.004,0.246,0.0,0.022,0.028,0.004,0.049,0.522,0.127
457,sotu,144000,196,242,130,130,male,60.0,0.0,0.0,0.0,0.0,0.0,0.0,0.996,0.003,0.0
458,sotu,144000,920,300,123,123,female,56.0,0.72,0.0,0.002,0.0,0.0,0.72,0.277,0.0,0.0
459,sotu,145000,985,570,161,149,male,58.0,0.0,0.319,0.003,0.266,0.0,0.0,0.393,0.019,0.0
460,sotu,145000,0,206,131,145,male,48.0,0.0,0.001,0.001,0.0,0.0,0.0,0.987,0.011,0.0
461,sotu,145000,479,601,152,118,female,27.0,0.0,0.0,0.0,0.0,0.0,0.0,0.804,0.196,0.0
462,sotu,145000,531,291,129,129,female,24.0,0.974,0.0,0.001,0.0,0.0,0.974,0.023,0.002,0.0
463,sotu,146000,1103,351,88,88,male,52.0,0.006,0.0,0.006,0.0,0.0,0.006,0.978,0.009,0.0
464,sotu,146000,769,377,85,85,male,56.0,0.0,0.0,0.0,0.0,0.0,0.0,0.997,0.002,0.0
465,sotu,146000,990,515,83,83,male,55.0,0.0,0.001,0.006,0.0,0.0,0.0,0.985,0.008,0.0
466,sotu,146000,390,489,83,83,male,56.0,0.049,0.001,0.01,0.0,0.0,0.049,0.937,0.003,0.0
467,sotu,146000,82,496,81,81,male,35.0,0.0,0.0,0.001,0.0,0.0,0.0,0.948,0.05,0.0
468,sotu,146000,233,305,80,80,male,55.0,0.0,0.0,0.0,0.0,0.0,0.0,0.785,0.214,0.0
469,sotu,146000,668,175,80,80,male,51.0,0.0,0.0,0.164,0.0,0.0,0.0,0.835,0.0,0.0
470,sotu,146000,443,340,80,80,male,38.0,0.995,0.0,0.001,0.0,0.0,0.995,0.004,0.0,0.0
471,sotu,146000,704,527,80,80,male,51.0,0.0,0.006,0.001,0.0,0.0,0.0,0.975,0.018,0.0
472,sotu,146000,693,44,77,77,male,48.0,0.0,0.001,0.001,0.0,0.0,0.0,0.963,0.036,0.0
473,sotu,146000,952,189,77,77,male,62.0,0.002,0.0,0.002,0.0,0.0,0.002,0.993,0.003,0.0
474,sotu,146000,215,23,76,76,male,36.0,0.0,0.0,0.0,0.0,0.0,0.0,0.999,0.001,0.0
475,sotu,146000,72,151,74,74,male,45.0,0.351,0.001,0.052,0.001,0.0,0.351,0.595,0.0,0.0
476,sotu,146000,387,136,72,72,male,37.0,0.0,0.0,0.0,0.0,0.0,0.0,0.992,0.007,0.0
477,sotu,146000,515,41,71,71,male,45.0,0.035,0.001,0.003,0.0,0.0,0.035,0.904,0.056,0.0
478,sotu,146000,381,10,64,64,female,31.0,0.0,0.053,0.001,0.0,0.0,0.0,0.942,0.003,0.0
479,sotu,146000,240,669,76,50,male,34.0,0.009,0.013,0.002,0.0,0.0,0.009,0.957,0.018,0.0
480,sotu,146000,118,0,64,57,female,33.0,0.0,0.081,0.03,0.015,0.0,0.0,0.841,0.033,0.0
481,sotu,147000,551,575,43,43,male,44.0,0.0,0.0,0.001,0.0,0.0,0.0,0.992,0.007,0.0
482,sotu,147000,402,525,43,43,male,43.0,0.0,0.0,0.0,0.0,0.0,0.0,0.999,0.001,0.0
483,sotu,147000,941,540,41,41,male,50.0,0.159,0.0,0.002,0.0,0.0,0.159,0.839,0.0,0.0
484,sotu,147000,283,596,40,40,female,32.0,0.004,0.0,0.0,0.0,0.0,0.004,0.995,0.001,0.0
485,sotu,147000,683,552,40,40,male,47.0,0.0,0.0,0.0,0.0,0.0,0.0,0.999,0.0,0.0
486,sotu,147000,967,502,40,40,male,55.0,0.0,0.001,0.004,0.0,0.0,0.0,0.994,0.001,0.0
487,sotu,147000,433,602,38,38,female,32.0,0.638,0.0,0.001,0.0,0.0,0.638,0.318,0.0,0.042
488,sotu,147000,308,479,37,37,male,36.0,0.0,0.006,0.001,0.0,0.0,0.0,0.993,0.0,0.0
489,sotu,147000,511,506,37,37,female,38.0,0.0,0.0,0.0,0.0,0.0,0.0,1.0,0.0,0.0
490,sotu,147000,1110,519,36,36,female,9.0,0.009,0.002,0.001,0.001,0.001,0.009,0.965,0.011,0.011
491,sotu,147000,130,515,36,36,male,31.0,0.08,0.0,0.0,0.0,0.0,0.08,0.919,0.0,0.0
492,sotu,147000,1030,472,36,36,male,46.0,0.0,0.009,0.0,0.0,0.0,0.0,0.989,0.0,0.001
493,sotu,148000,521,140,149,149,male,58.0,0.003,0.552,0.004,0.028,0.001,0.003,0.351,0.058,0.003
494,sotu,148000,169,246,130,130,male,60.0,0.0,0.0,0.003,0.0,0.0,0.0,0.986,0.011,0.0
495,sotu,148000,885,301,125,125,female,56.0,0.004,0.001,0.072,0.0,0.0,0.004,0.903,0.019,0.001
496,sotu,149000,537,195,123,123,male,66.0,0.0,0.0,0.001,0.0,0.0,0.0,0.955,0.043,0.0
497,sotu,149000,858,114,102,102,female,51.0,0.001,0.0,0.0,0.0,0.003,0.001,0.747,0.007,0.242
498,sotu,149000,240,0,109,94,male,29.0,0.14,0.0,0.003,0.001,0.0,0.14,0.765,0.092,0.0
